,sym_1,sym_2,p_value,t_value,c_value,hedge_ratio,zero_crossings
59,1000LUNCUSDT,FXSUSDT,0.04,-3.44,-3.37,0.01,45
269,CELRUSDT,RSS3USDT,0.0,-4.33,-3.37,0.19,42
270,CFXUSDT,ACHUSDT,0.0,-4.29,-3.37,11.34,41
316,COTIUSDT,XLMUSDT,0.01,-3.9,-3.37,0.77,40
729,YFIUSDT,IOTXUSDT,0.0,-4.67,-3.37,290995.25,40
481,SLPUSDT,CVCUSDT,0.01,-4.06,-3.37,0.03,39
252,CEEKUSDT,JSTUSDT,0.01,-3.92,-3.37,3.01,38
656,UNIUSDT,FXSUSDT,0.01,-3.77,-3.37,0.73,38
311,COTIUSDT,RSRUSDT,0.0,-4.32,-3.37,22.98,37
448,LQTYUSDT,REEFUSDT,0.02,-3.6,-3.37,574.83,37
290,COTIUSDT,DOTUSDT,0.0,-4.33,-3.37,0.01,37
99,ALGOUSDT,APEUSDT,0.04,-3.38,-3.37,0.05,36
507,THETAUSDT,AUDIOUSDT,0.02,-3.69,-3.37,3.54,36
737,ZILUSDT,DOGEUSDT,0.0,-4.47,-3.37,0.32,36
151,BANDUSDT,CVCUSDT,0.01,-3.96,-3.37,16.71,36
124,ASTRUSDT,SUSHIUSDT,0.02,-3.6,-3.37,0.06,35
258,CEEKUSDT,SKLUSDT,0.0,-4.65,-3.37,2.2,35
241,CEEKUSDT,BALUSDT,0.0,-4.3,-3.37,0.01,35
386,ETHWUSDT,AUDIOUSDT,0.04,-3.47,-3.37,8.49,35
181,BNXUSDT,ARUSDT,0.01,-4.06,-3.37,0.07,35
240,CEEKUSDT,ASTRUSDT,0.02,-3.68,-3.37,1.39,35
424,LQTYUSDT,DUSKUSDT,0.01,-3.77,-3.37,8.61,35
422,LQTYUSDT,CVXUSDT,0.01,-4.06,-3.37,0.28,35
479,SLPUSDT,BCHUSDT,0.0,-4.78,-3.37,0.0,35
345,DGBUSDT,BCHUSDT,0.02,-3.73,-3.37,0.0,35
515,THETAUSDT,COTIUSDT,0.04,-3.4,-3.37,12.63,35
404,LINKUSDT,AUDIOUSDT,0.01,-3.92,-3.37,26.65,35
79,1000XECUSDT,ICXUSDT,0.02,-3.59,-3.37,0.1,34
76,1000XECUSDT,CVCUSDT,0.0,-4.93,-3.37,0.29,34
295,COTIUSDT,GLMRUSDT,0.01,-3.98,-3.37,0.24,34
291,COTIUSDT,ETCUSDT,0.0,-4.21,-3.37,0.0,34
248,CEEKUSDT,HNTUSDT,0.01,-3.92,-3.37,0.05,34
512,THETAUSDT,BNBUSDT,0.0,-4.71,-3.37,0.0,33
260,CEEKUSDT,STORJUSDT,0.02,-3.73,-3.37,0.24,33
287,COTIUSDT,BTCUSDT,0.0,-5.32,-3.37,0.0,33
426,LQTYUSDT,EGLDUSDT,0.01,-4.09,-3.37,0.03,33
257,CEEKUSDT,SHIB1000USDT,0.02,-3.74,-3.37,8.2,33
352,DGBUSDT,DOGEUSDT,0.01,-3.95,-3.37,0.11,33
245,CEEKUSDT,DYDXUSDT,0.01,-4.08,-3.37,0.03,33
418,LQTYUSDT,CEEKUSDT,0.02,-3.65,-3.37,17.86,33
310,COTIUSDT,ROSEUSDT,0.0,-4.54,-3.37,1.31,33
412,LQTYUSDT,BALUSDT,0.01,-3.77,-3.37,0.24,33
636,TUSDT,JSTUSDT,0.0,-4.62,-3.37,1.11,33
482,SLPUSDT,CVXUSDT,0.01,-3.93,-3.37,0.0,33
335,DARUSDT,BNBUSDT,0.04,-3.38,-3.37,0.0,33
485,SNXUSDT,CRVUSDT,0.05,-3.38,-3.37,2.85,33
634,TUSDT,ICPUSDT,0.01,-3.95,-3.37,0.01,33
172,BANDUSDT,LRCUSDT,0.01,-3.84,-3.37,4.99,33
131,BAKEUSDT,ETHUSDT,0.01,-3.84,-3.37,0.0,32
281,COTIUSDT,AVAXUSDT,0.02,-3.61,-3.37,0.0,32
392,GRTUSDT,AVAXUSDT,0.04,-3.42,-3.37,0.01,32
433,LQTYUSDT,HNTUSDT,0.04,-3.42,-3.37,0.88,32
81,1000XECUSDT,RLCUSDT,0.02,-3.61,-3.37,0.02,32
427,LQTYUSDT,ETHWUSDT,0.0,-4.72,-3.37,0.62,32
478,SKLUSDT,BNBUSDT,0.02,-3.74,-3.37,0.0,32
748,ZILUSDT,NEARUSDT,0.03,-3.55,-3.37,0.01,32
477,SKLUSDT,1000BTTUSDT,0.01,-3.79,-3.37,54.12,32
256,CEEKUSDT,RSS3USDT,0.0,-4.66,-3.37,0.64,32
389,GALUSDT,BCHUSDT,0.03,-3.52,-3.37,0.01,31
668,VETUSDT,DENTUSDT,0.04,-3.43,-3.37,22.93,31
254,CEEKUSDT,REEFUSDT,0.04,-3.46,-3.37,32.17,31
244,CEEKUSDT,DUSKUSDT,0.04,-3.46,-3.37,0.48,31
69,1000PEPEUSDT,LOOKSUSDT,0.03,-3.5,-3.37,0.02,31
148,BANDUSDT,BNBUSDT,0.03,-3.55,-3.37,0.0,31
365,DGBUSDT,ROSEUSDT,0.01,-3.86,-3.37,0.15,31
745,ZILUSDT,LINKUSDT,0.01,-4.06,-3.37,0.0,31
297,COTIUSDT,HBARUSDT,0.01,-3.85,-3.37,1.3,31
302,COTIUSDT,LINKUSDT,0.0,-4.36,-3.37,0.01,31
325,CTCUSDT,10000NFTUSDT,0.03,-3.54,-3.37,84.77,31
642,UNFIUSDT,COREUSDT,0.01,-3.89,-3.37,5.2,31
510,THETAUSDT,BANDUSDT,0.04,-3.44,-3.37,0.59,31
362,DGBUSDT,MINAUSDT,0.03,-3.52,-3.37,0.01,30
188,BOBAUSDT,RLCUSDT,0.0,-4.83,-3.37,0.11,30
296,COTIUSDT,GRTUSDT,0.0,-4.6,-3.37,0.57,30
446,LQTYUSDT,OPUSDT,0.03,-3.59,-3.37,0.78,30
88,1INCHUSDT,AUDIOUSDT,0.01,-3.79,-3.37,1.64,30
643,UNFIUSDT,CTKUSDT,0.01,-3.97,-3.37,5.88,30
263,CEEKUSDT,XCNUSDT,0.04,-3.39,-3.37,38.92,30
434,LQTYUSDT,HOTUSDT,0.02,-3.69,-3.37,783.9,30
259,CEEKUSDT,SPELLUSDT,0.04,-3.46,-3.37,122.64,30
64,1000PEPEUSDT,FITFIUSDT,0.04,-3.42,-3.37,0.27,30
255,CEEKUSDT,RENUSDT,0.03,-3.55,-3.37,0.95,30
152,BANDUSDT,CVXUSDT,0.03,-3.47,-3.37,0.32,29
286,COTIUSDT,BNXUSDT,0.04,-3.43,-3.37,0.14,29
264,CEEKUSDT,ZENUSDT,0.01,-3.94,-3.37,0.01,29
268,CELRUSDT,KDAUSDT,0.04,-3.45,-3.37,0.03,29
120,ASTRUSDT,JSTUSDT,0.0,-4.5,-3.37,2.17,29
628,TUSDT,BSVUSDT,0.02,-3.64,-3.37,0.0,29
355,DGBUSDT,FLOWUSDT,0.02,-3.6,-3.37,0.01,29
467,RPLUSDT,CVCUSDT,0.0,-4.49,-3.37,553.87,29
183,BNXUSDT,ETCUSDT,0.0,-4.26,-3.37,0.03,29
139,BANDUSDT,1000BTTUSDT,0.04,-3.42,-3.37,2424.41,29
585,TRXUSDT,ETHWUSDT,0.02,-3.73,-3.37,0.04,29
598,TRXUSDT,HNTUSDT,0.04,-3.46,-3.37,0.05,29
284,COTIUSDT,BATUSDT,0.02,-3.74,-3.37,0.31,29
73,1000PEPEUSDT,SXPUSDT,0.02,-3.64,-3.37,0.0,29
536,TRXUSDT,ALICEUSDT,0.02,-3.65,-3.37,0.06,29
391,GRTUSDT,ANKRUSDT,0.01,-3.83,-3.37,4.67,29
653,UNIUSDT,CVCUSDT,0.01,-4.03,-3.37,58.5,29
420,LQTYUSDT,CRVUSDT,0.03,-3.57,-3.37,1.5,28
739,ZILUSDT,ETCUSDT,0.03,-3.59,-3.37,0.0,28
129,BAKEUSDT,DODOUSDT,0.03,-3.53,-3.37,1.14,28
332,DARUSDT,ALICEUSDT,0.01,-3.87,-3.37,0.1,28
334,DARUSDT,BITUSDT,0.04,-3.38,-3.37,0.27,28
249,CEEKUSDT,ICXUSDT,0.04,-3.39,-3.37,0.29,28
425,LQTYUSDT,DYDXUSDT,0.01,-4.08,-3.37,0.61,28
399,ICPUSDT,BSVUSDT,0.0,-4.3,-3.37,0.15,28
340,DGBUSDT,1INCHUSDT,0.01,-3.88,-3.37,0.02,28
741,ZILUSDT,GLMRUSDT,0.0,-4.51,-3.37,0.08,28
309,COTIUSDT,PEOPLEUSDT,0.03,-3.48,-3.37,3.87,28
403,LINKUSDT,ANKRUSDT,0.04,-3.45,-3.37,253.24,28
732,YGGUSDT,MATICUSDT,0.03,-3.49,-3.37,0.21,28
271,CFXUSDT,DODOUSDT,0.03,-3.58,-3.37,2.41,28
140,BANDUSDT,1000LUNCUSDT,0.02,-3.62,-3.37,16.56,28
476,RVNUSDT,SCUSDT,0.03,-3.57,-3.37,6.59,28
647,UNFIUSDT,MTLUSDT,0.02,-3.65,-3.37,4.28,28
495,SUNUSDT,10000NFTUSDT,0.02,-3.7,-3.37,1.62,28
400,ICPUSDT,BSWUSDT,0.02,-3.65,-3.37,40.27,28
262,CEEKUSDT,SUSHIUSDT,0.03,-3.52,-3.37,0.08,27
156,BANDUSDT,DYDXUSDT,0.01,-4.07,-3.37,0.7,27
307,COTIUSDT,NEARUSDT,0.03,-3.49,-3.37,0.04,27
185,BNXUSDT,RSRUSDT,0.03,-3.55,-3.37,170.13,27
125,AUDIOUSDT,1000BTTUSDT,0.02,-3.67,-3.37,405.39,27
292,COTIUSDT,ETHUSDT,0.01,-3.97,-3.37,0.0,27
184,BNXUSDT,HBARUSDT,0.02,-3.76,-3.37,9.65,27
691,XNOUSDT,AXSUSDT,0.01,-3.95,-3.37,0.1,27
413,LQTYUSDT,BANDUSDT,0.03,-3.53,-3.37,0.88,27
117,APTUSDT,NEARUSDT,0.04,-3.42,-3.37,5.1,27
706,XNOUSDT,COTIUSDT,0.04,-3.42,-3.37,10.55,27
635,TUSDT,JASMYUSDT,0.02,-3.74,-3.37,5.5,27
112,APTUSDT,BLZUSDT,0.04,-3.46,-3.37,130.24,27
437,LQTYUSDT,IOTXUSDT,0.04,-3.44,-3.37,56.39,27
317,COTIUSDT,XMRUSDT,0.02,-3.75,-3.37,0.0,27
346,DGBUSDT,BNBUSDT,0.03,-3.57,-3.37,0.0,27
410,LQTYUSDT,ASTRUSDT,0.02,-3.64,-3.37,24.81,27
370,DGBUSDT,TLMUSDT,0.02,-3.72,-3.37,0.49,27
468,RPLUSDT,DASHUSDT,0.0,-4.25,-3.37,1.12,26
443,LQTYUSDT,LRCUSDT,0.03,-3.53,-3.37,4.39,26
674,XMRUSDT,ATOMUSDT,0.01,-4.03,-3.37,14.4,26
261,CEEKUSDT,SUNUSDT,0.04,-3.43,-3.37,11.97,26
163,BANDUSDT,HOTUSDT,0.02,-3.71,-3.37,892.27,26
466,RPLUSDT,C98USDT,0.0,-4.15,-3.37,246.04,26
315,COTIUSDT,XEMUSDT,0.03,-3.48,-3.37,2.11,26
470,RPLUSDT,FXSUSDT,0.01,-4.07,-3.37,6.87,26
253,CEEKUSDT,OPUSDT,0.01,-3.95,-3.37,0.04,26
483,SLPUSDT,DASHUSDT,0.0,-4.54,-3.37,0.0,26
734,ZILUSDT,BCHUSDT,0.0,-4.12,-3.37,0.0,26
562,TRXUSDT,CFXUSDT,0.03,-3.58,-3.37,0.25,26
663,UNIUSDT,RLCUSDT,0.03,-3.55,-3.37,3.19,26
661,UNIUSDT,MANAUSDT,0.02,-3.74,-3.37,10.68,26
649,UNFIUSDT,RUNEUSDT,0.03,-3.51,-3.37,3.9,26
472,RPLUSDT,LTCUSDT,0.0,-4.2,-3.37,0.54,26
440,LQTYUSDT,JSTUSDT,0.02,-3.63,-3.37,53.81,26
394,GRTUSDT,BTCUSDT,0.03,-3.59,-3.37,0.0,26
111,API3USDT,XRPUSDT,0.03,-3.55,-3.37,2.6,26
96,1INCHUSDT,MINAUSDT,0.03,-3.56,-3.37,0.7,26
356,DGBUSDT,GALUSDT,0.02,-3.66,-3.37,0.01,26
383,ETHWUSDT,1000LUNCUSDT,0.02,-3.63,-3.37,23.51,26
107,API3USDT,ETHUSDT,0.02,-3.67,-3.37,0.0,26
130,BAKEUSDT,DOTUSDT,0.01,-3.99,-3.37,0.03,26
86,1INCHUSDT,ANKRUSDT,0.03,-3.51,-3.37,15.59,26
305,COTIUSDT,MINAUSDT,0.04,-3.4,-3.37,0.12,25
629,TUSDT,CROUSDT,0.0,-4.62,-3.37,0.43,25
363,DGBUSDT,MKRUSDT,0.02,-3.64,-3.37,0.0,25
178,BANDUSDT,PEOPLEUSDT,0.02,-3.61,-3.37,82.67,25
514,THETAUSDT,CFXUSDT,0.04,-3.41,-3.37,2.74,25
250,CEEKUSDT,IOTXUSDT,0.04,-3.44,-3.37,3.16,25
116,APTUSDT,KNCUSDT,0.01,-3.78,-3.37,13.42,25
251,CEEKUSDT,JASMYUSDT,0.04,-3.4,-3.37,14.95,25
501,THETAUSDT,1000BTTUSDT,0.02,-3.7,-3.37,1434.14,25
364,DGBUSDT,PEOPLEUSDT,0.01,-3.92,-3.37,0.45,25
414,LQTYUSDT,BCHUSDT,0.04,-3.4,-3.37,0.01,25
447,LQTYUSDT,PEOPLEUSDT,0.04,-3.39,-3.37,72.63,25
388,FLRUSDT,APEUSDT,0.03,-3.52,-3.37,0.01,25
147,BANDUSDT,BCHUSDT,0.04,-3.44,-3.37,0.01,25
385,ETHWUSDT,ACHUSDT,0.04,-3.39,-3.37,74.5,25
289,COTIUSDT,DOGEUSDT,0.02,-3.69,-3.37,0.94,25
381,ETCUSDT,AUDIOUSDT,0.02,-3.73,-3.37,74.94,25
672,XEMUSDT,C98USDT,0.0,-4.15,-3.37,0.16,24
538,TRXUSDT,ANTUSDT,0.01,-4.02,-3.37,0.02,24
462,REEFUSDT,AVAXUSDT,0.01,-3.8,-3.37,0.0,24
480,SLPUSDT,C98USDT,0.01,-3.84,-3.37,0.01,24
243,CEEKUSDT,DARUSDT,0.04,-3.44,-3.37,0.52,24
282,COTIUSDT,AXSUSDT,0.02,-3.69,-3.37,0.01,24
573,TRXUSDT,DODOUSDT,0.01,-3.83,-3.37,0.59,24
379,ETCUSDT,ANKRUSDT,0.03,-3.58,-3.37,711.98,24
368,DGBUSDT,SLPUSDT,0.0,-4.37,-3.37,3.57,24
278,COTIUSDT,ANKRUSDT,0.0,-5.4,-3.37,2.66,24
327,CVXUSDT,AVAXUSDT,0.0,-4.11,-3.37,0.31,24
97,1INCHUSDT,ROSEUSDT,0.01,-3.83,-3.37,7.65,24
747,ZILUSDT,LTCUSDT,0.02,-3.61,-3.37,0.0,24
127,BAKEUSDT,BTCUSDT,0.01,-4.1,-3.37,0.0,24
724,XNOUSDT,FLOWUSDT,0.02,-3.68,-3.37,0.95,23
451,ONEUSDT,1000XECUSDT,0.04,-3.47,-3.37,0.62,23
518,TOMOUSDT,CKBUSDT,0.0,-4.36,-3.37,371.54,23
158,BANDUSDT,ENJUSDT,0.03,-3.55,-3.37,4.31,23
155,BANDUSDT,DOGEUSDT,0.02,-3.75,-3.37,20.05,23
150,BANDUSDT,CRVUSDT,0.03,-3.59,-3.37,1.71,23
146,BANDUSDT,BATUSDT,0.04,-3.43,-3.37,6.58,23
285,COTIUSDT,BCHUSDT,0.03,-3.56,-3.37,0.0,23
669,VETUSDT,DODOUSDT,0.02,-3.64,-3.37,0.15,23
475,RVNUSDT,CVCUSDT,0.04,-3.42,-3.37,0.25,23
122,ASTRUSDT,RSS3USDT,0.01,-3.98,-3.37,0.46,23
319,COTIUSDT,XTZUSDT,0.0,-4.47,-3.37,0.08,23
166,BANDUSDT,IOSTUSDT,0.01,-3.81,-3.37,154.89,23
369,DGBUSDT,THETAUSDT,0.05,-3.37,-3.37,0.01,23
384,ETHWUSDT,1INCHUSDT,0.04,-3.38,-3.37,5.18,23
378,ETCUSDT,ACHUSDT,0.05,-3.38,-3.37,657.51,23
415,LQTYUSDT,BNBUSDT,0.01,-3.82,-3.37,0.0,23
350,DGBUSDT,CVCUSDT,0.01,-3.96,-3.37,0.09,23
644,UNFIUSDT,ILVUSDT,0.03,-3.52,-3.37,0.09,23
442,LQTYUSDT,KDAUSDT,0.0,-4.16,-3.37,1.66,22
94,1INCHUSDT,HBARUSDT,0.03,-3.58,-3.37,7.64,22
273,COMPUSDT,ADAUSDT,0.0,-4.54,-3.37,95.38,22
149,BANDUSDT,C98USDT,0.01,-4.01,-3.37,7.42,22
91,1INCHUSDT,FLOWUSDT,0.0,-4.38,-3.37,0.53,22
283,COTIUSDT,BAKEUSDT,0.03,-3.53,-3.37,0.46,22
397,HOTUSDT,10000NFTUSDT,0.04,-3.43,-3.37,0.44,22
288,COTIUSDT,COMPUSDT,0.02,-3.61,-3.37,0.0,22
326,CVXUSDT,AUDIOUSDT,0.03,-3.55,-3.37,18.7,22
353,DGBUSDT,ENJUSDT,0.02,-3.63,-3.37,0.02,22
474,RPLUSDT,OMGUSDT,0.03,-3.58,-3.37,61.58,22
469,RPLUSDT,ENJUSDT,0.01,-3.82,-3.37,142.76,22
126,BAKEUSDT,ADAUSDT,0.02,-3.6,-3.37,0.4,22
436,LQTYUSDT,IOSTUSDT,0.02,-3.67,-3.37,136.08,22
738,ZILUSDT,EGLDUSDT,0.01,-4.03,-3.37,0.0,22
58,1000LUNCUSDT,DYDXUSDT,0.03,-3.48,-3.37,0.04,22
455,ONTUSDT,QTUMUSDT,0.0,-4.31,-3.37,0.09,22
421,LQTYUSDT,CTSIUSDT,0.02,-3.68,-3.37,7.2,22
382,ETCUSDT,AVAXUSDT,0.0,-4.84,-3.37,1.25,22
743,ZILUSDT,IOSTUSDT,0.04,-3.46,-3.37,2.49,22
228,BUSDUSDT,RNDRUSDT,0.01,-3.82,-3.37,0.38,22
597,TRXUSDT,HFTUSDT,0.01,-3.89,-3.37,0.17,22
336,DARUSDT,BOBAUSDT,0.03,-3.47,-3.37,0.8,21
171,BANDUSDT,LINKUSDT,0.04,-3.47,-3.37,0.22,21
676,XNOUSDT,1000BTTUSDT,0.03,-3.58,-3.37,1198.83,21
167,BANDUSDT,IOTXUSDT,0.0,-4.56,-3.37,64.19,21
658,UNIUSDT,IOTXUSDT,0.02,-3.61,-3.37,224.64,21
520,TOMOUSDT,FILUSDT,0.03,-3.59,-3.37,0.28,21
519,TOMOUSDT,COREUSDT,0.0,-4.48,-3.37,1.48,21
348,DGBUSDT,COTIUSDT,0.04,-3.46,-3.37,0.12,21
280,COTIUSDT,ARUSDT,0.0,-4.2,-3.37,0.01,21
508,THETAUSDT,AVAXUSDT,0.0,-4.22,-3.37,0.06,21
157,BANDUSDT,EGLDUSDT,0.01,-3.83,-3.37,0.04,21
742,ZILUSDT,GRTUSDT,0.04,-3.38,-3.37,0.2,21
154,BANDUSDT,DODOUSDT,0.04,-3.41,-3.37,11.16,21
429,LQTYUSDT,GLMRUSDT,0.05,-3.38,-3.37,4.57,21
511,THETAUSDT,BATUSDT,0.01,-3.77,-3.37,3.89,21
631,TUSDT,FXSUSDT,0.03,-3.48,-3.37,0.0,21
106,API3USDT,COMPUSDT,0.04,-3.43,-3.37,0.03,21
637,TUSDT,ONEUSDT,0.04,-3.47,-3.37,1.67,21
405,LQTYUSDT,ACHUSDT,0.04,-3.4,-3.37,46.09,21
102,ALPHAUSDT,LITUSDT,0.01,-3.91,-3.37,0.13,21
239,CEEKUSDT,ANTUSDT,0.01,-3.77,-3.37,0.02,21
84,1000XECUSDT,XCNUSDT,0.03,-3.49,-3.37,13.82,20
652,UNIUSDT,C98USDT,0.01,-3.99,-3.37,25.98,20
373,DGBUSDT,XEMUSDT,0.02,-3.62,-3.37,0.24,20
90,1INCHUSDT,DOGEUSDT,0.01,-3.98,-3.37,5.5,20
750,ZRXUSDT,BNBUSDT,0.02,-3.72,-3.37,0.0,20
89,1INCHUSDT,BCHUSDT,0.01,-3.85,-3.37,0.0,20
93,1INCHUSDT,GTCUSDT,0.0,-4.16,-3.37,0.28,20
488,SOLUSDT,1000FLOKIUSDT,0.02,-3.76,-3.37,622.68,20
638,TWTUSDT,1000FLOKIUSDT,0.0,-4.4,-3.37,34.01,20
411,LQTYUSDT,AUDIOUSDT,0.04,-3.4,-3.37,5.25,20
717,XNOUSDT,ENJUSDT,0.04,-3.47,-3.37,2.13,20
464,RENUSDT,C98USDT,0.0,-4.19,-3.37,0.39,20
82,1000XECUSDT,SCUSDT,0.0,-4.6,-3.37,7.79,20
454,ONTUSDT,KAVAUSDT,0.03,-3.52,-3.37,0.2,20
709,XNOUSDT,CVCUSDT,0.03,-3.58,-3.37,8.26,20
684,XNOUSDT,API3USDT,0.01,-3.81,-3.37,0.59,20
592,TRXUSDT,GALAUSDT,0.03,-3.55,-3.37,2.55,20
619,TRXUSDT,MANAUSDT,0.04,-3.41,-3.37,0.16,20
306,COTIUSDT,MKRUSDT,0.01,-4.08,-3.37,0.0,20
238,CEEKUSDT,10000NFTUSDT,0.04,-3.39,-3.37,19.34,20
572,TRXUSDT,DGBUSDT,0.04,-3.41,-3.37,9.84,20
555,TRXUSDT,BLZUSDT,0.02,-3.72,-3.37,1.22,20
516,THETAUSDT,CRVUSDT,0.03,-3.51,-3.37,1.01,20
546,TRXUSDT,AVAXUSDT,0.02,-3.74,-3.37,0.01,20
242,CEEKUSDT,BITUSDT,0.02,-3.65,-3.37,0.14,20
564,TRXUSDT,CKBUSDT,0.01,-3.83,-3.37,22.76,20
358,DGBUSDT,LINKUSDT,0.01,-3.98,-3.37,0.0,19
134,BAKEUSDT,JOEUSDT,0.01,-3.85,-3.37,0.41,19
484,SNXUSDT,ACHUSDT,0.03,-3.51,-3.37,87.58,19
118,ASTRUSDT,10000NFTUSDT,0.01,-4.06,-3.37,13.93,19
161,BANDUSDT,FLOWUSDT,0.04,-3.39,-3.37,1.92,19
318,COTIUSDT,XRPUSDT,0.03,-3.59,-3.37,0.15,19
553,TRXUSDT,BITUSDT,0.02,-3.75,-3.37,0.15,19
108,API3USDT,IDUSDT,0.02,-3.67,-3.37,2.55,19
366,DGBUSDT,SFPUSDT,0.04,-3.41,-3.37,0.02,19
456,OPUSDT,10000NFTUSDT,0.01,-4.08,-3.37,442.87,19
667,UNIUSDT,XCNUSDT,0.03,-3.5,-3.37,2770.42,19
103,ALPHAUSDT,TWTUSDT,0.03,-3.57,-3.37,0.1,19
61,1000PEPEUSDT,BSWUSDT,0.03,-3.51,-3.37,0.01,19
503,THETAUSDT,ACHUSDT,0.02,-3.73,-3.37,31.04,19
517,THETAUSDT,DASHUSDT,0.02,-3.61,-3.37,0.02,19
343,DGBUSDT,AXSUSDT,0.04,-3.44,-3.37,0.0,19
277,COTIUSDT,ADAUSDT,0.01,-3.96,-3.37,0.18,19
654,UNIUSDT,DASHUSDT,0.01,-3.88,-3.37,0.12,19
141,BANDUSDT,ACHUSDT,0.03,-3.56,-3.37,52.46,19
77,1000XECUSDT,FXSUSDT,0.01,-3.97,-3.37,0.0,18
360,DGBUSDT,MANAUSDT,0.01,-4.02,-3.37,0.02,18
182,BNXUSDT,CELOUSDT,0.02,-3.73,-3.37,0.97,18
744,ZILUSDT,IOTXUSDT,0.0,-4.32,-3.37,1.03,18
626,TRXUSDT,OGNUSDT,0.04,-3.38,-3.37,0.83,18
423,LQTYUSDT,DARUSDT,0.03,-3.56,-3.37,9.26,18
746,ZILUSDT,LRCUSDT,0.03,-3.5,-3.37,0.08,18
246,CEEKUSDT,ETHWUSDT,0.01,-4.02,-3.37,0.03,18
551,TRXUSDT,BCHUSDT,0.04,-3.46,-3.37,0.0,18
696,XNOUSDT,BNXUSDT,0.04,-3.39,-3.37,1.43,18
530,TRXUSDT,ACHUSDT,0.04,-3.41,-3.37,2.79,18
168,BANDUSDT,JSTUSDT,0.02,-3.66,-3.37,61.24,18
735,ZILUSDT,BNBUSDT,0.04,-3.41,-3.37,0.0,18
616,TRXUSDT,LQTYUSDT,0.02,-3.65,-3.37,0.06,18
445,LQTYUSDT,OMGUSDT,0.02,-3.64,-3.37,1.63,18
329,DARUSDT,1000LUNCUSDT,0.01,-3.82,-3.37,1.57,18
579,TRXUSDT,EGLDUSDT,0.04,-3.42,-3.37,0.0,18
460,PEOPLEUSDT,ANKRUSDT,0.02,-3.64,-3.37,0.69,18
583,TRXUSDT,ETCUSDT,0.02,-3.63,-3.37,0.0,18
267,CELRUSDT,JSTUSDT,0.01,-4.03,-3.37,0.88,18
187,BOBAUSDT,FXSUSDT,0.03,-3.48,-3.37,0.02,18
726,XNOUSDT,GFTUSDT,0.04,-3.39,-3.37,39.12,18
752,ZRXUSDT,IOTXUSDT,0.04,-3.38,-3.37,9.84,18
692,XNOUSDT,BAKEUSDT,0.02,-3.71,-3.37,4.84,18
218,BUSDUSDT,LDOUSDT,0.0,-4.14,-3.37,0.49,18
700,XNOUSDT,BUSDUSDT,0.02,-3.7,-3.37,0.71,18
375,DOTUSDT,ANKRUSDT,0.02,-3.66,-3.37,209.49,18
299,COTIUSDT,IDUSDT,0.03,-3.57,-3.37,0.14,18
600,TRXUSDT,IDUSDT,0.05,-3.37,-3.37,0.16,18
601,TRXUSDT,ILVUSDT,0.03,-3.55,-3.37,0.0,18
132,BAKEUSDT,FILUSDT,0.03,-3.49,-3.37,0.03,18
471,RPLUSDT,LRCUSDT,0.02,-3.71,-3.37,165.48,18
605,TRXUSDT,JOEUSDT,0.02,-3.69,-3.37,0.21,18
407,LQTYUSDT,ANTUSDT,0.04,-3.44,-3.37,0.36,17
387,ETHWUSDT,BALUSDT,0.04,-3.46,-3.37,0.39,17
698,XNOUSDT,BSWUSDT,0.02,-3.6,-3.37,5.8,17
372,DGBUSDT,XCNUSDT,0.04,-3.44,-3.37,4.28,17
689,XNOUSDT,ATOMUSDT,0.02,-3.61,-3.37,0.07,17
639,TWTUSDT,AKROUSDT,0.01,-3.84,-3.37,296.03,17
85,1INCHUSDT,ACHUSDT,0.04,-3.47,-3.37,14.4,17
753,ZRXUSDT,JOEUSDT,0.03,-3.53,-3.37,0.61,17
374,DOTUSDT,ADAUSDT,0.03,-3.51,-3.37,14.53,17
87,1INCHUSDT,ARUSDT,0.03,-3.54,-3.37,0.06,17
380,ETCUSDT,ARUSDT,0.03,-3.52,-3.37,2.7,17
740,ZILUSDT,FLMUSDT,0.03,-3.54,-3.37,0.28,17
179,BANDUSDT,REEFUSDT,0.03,-3.52,-3.37,654.28,17
272,CHZUSDT,10000NFTUSDT,0.01,-4.0,-3.37,27.87,17
328,DARUSDT,10000NFTUSDT,0.02,-3.67,-3.37,37.33,17
321,CREAMUSDT,LITUSDT,0.03,-3.51,-3.37,25.9,17
164,BANDUSDT,ICXUSDT,0.02,-3.61,-3.37,5.86,17
716,XNOUSDT,EGLDUSDT,0.01,-3.78,-3.37,0.02,17
608,TRXUSDT,KDAUSDT,0.02,-3.62,-3.37,0.1,17
715,XNOUSDT,EDUUSDT,0.04,-3.47,-3.37,0.6,17
438,LQTYUSDT,JASMYUSDT,0.02,-3.71,-3.37,267.04,17
217,BUSDUSDT,KLAYUSDT,0.01,-3.79,-3.37,5.45,17
121,ASTRUSDT,KDAUSDT,0.04,-3.44,-3.37,0.07,17
499,SWEATUSDT,FXSUSDT,0.02,-3.67,-3.37,0.0,17
524,TRXUSDT,10000NFTUSDT,0.03,-3.56,-3.37,20.95,17
509,THETAUSDT,BALUSDT,0.04,-3.39,-3.37,0.16,17
174,BANDUSDT,MANAUSDT,0.03,-3.54,-3.37,3.05,17
114,APTUSDT,DODOUSDT,0.04,-3.38,-3.37,63.4,17
276,COTIUSDT,ACHUSDT,0.03,-3.47,-3.37,2.46,17
337,DARUSDT,BSWUSDT,0.02,-3.71,-3.37,1.11,17
682,XNOUSDT,AKROUSDT,0.02,-3.7,-3.37,195.24,17
339,DGBUSDT,1000BTTUSDT,0.03,-3.5,-3.37,13.12,17
225,BUSDUSDT,PAXGUSDT,0.01,-3.87,-3.37,0.0,17
595,TRXUSDT,GRTUSDT,0.02,-3.63,-3.37,0.65,16
671,XEMUSDT,BCHUSDT,0.0,-4.76,-3.37,0.0,16
593,TRXUSDT,GLMRUSDT,0.03,-3.48,-3.37,0.28,16
498,SWEATUSDT,1000BTTUSDT,0.01,-3.77,-3.37,10.98,16
575,TRXUSDT,DOTUSDT,0.02,-3.68,-3.37,0.01,16
494,SUIUSDT,BSVUSDT,0.01,-4.09,-3.37,0.03,16
545,TRXUSDT,AUDIOUSDT,0.02,-3.71,-3.37,0.32,16
486,SNXUSDT,CVXUSDT,0.04,-3.43,-3.37,0.53,16
473,RPLUSDT,MANAUSDT,0.03,-3.55,-3.37,101.14,16
576,TRXUSDT,DUSKUSDT,0.03,-3.5,-3.37,0.52,16
465,RNDRUSDT,10000NFTUSDT,0.02,-3.62,-3.37,714.88,16
580,TRXUSDT,ENJUSDT,0.04,-3.38,-3.37,0.23,16
615,TRXUSDT,LPTUSDT,0.01,-4.09,-3.37,0.02,16
618,TRXUSDT,MAGICUSDT,0.03,-3.48,-3.37,0.08,16
531,TRXUSDT,ADAUSDT,0.03,-3.59,-3.37,0.21,16
441,LQTYUSDT,KAVAUSDT,0.05,-3.37,-3.37,1.13,16
549,TRXUSDT,BALUSDT,0.01,-3.79,-3.37,0.01,16
393,GRTUSDT,BATUSDT,0.03,-3.59,-3.37,0.54,16
754,ZRXUSDT,SHIB1000USDT,0.04,-3.47,-3.37,25.55,16
294,COTIUSDT,FLMUSDT,0.03,-3.52,-3.37,0.82,16
221,BUSDUSDT,MTLUSDT,0.03,-3.56,-3.37,0.97,16
137,BAKEUSDT,MKRUSDT,0.03,-3.54,-3.37,0.0,16
205,BUSDUSDT,CTCUSDT,0.04,-3.43,-3.37,3.21,16
128,BAKEUSDT,DENTUSDT,0.04,-3.39,-3.37,173.51,16
308,COTIUSDT,OGNUSDT,0.01,-4.1,-3.37,0.73,16
227,BUSDUSDT,RLCUSDT,0.04,-3.4,-3.37,0.63,15
357,DGBUSDT,GLMRUSDT,0.03,-3.58,-3.37,0.03,15
659,UNIUSDT,LINKUSDT,0.04,-3.47,-3.37,0.79,15
720,XNOUSDT,ETHUSDT,0.02,-3.73,-3.37,0.0,15
133,BAKEUSDT,FLMUSDT,0.04,-3.4,-3.37,1.78,15
177,BANDUSDT,OMGUSDT,0.0,-5.12,-3.37,1.86,15
80,1000XECUSDT,IOTXUSDT,0.04,-3.42,-3.37,1.12,15
567,TRXUSDT,CTKUSDT,0.03,-3.49,-3.37,0.1,15
714,XNOUSDT,DOTUSDT,0.03,-3.49,-3.37,0.13,15
402,LINAUSDT,1000BONKUSDT,0.03,-3.58,-3.37,27.12,15
664,UNIUSDT,RPLUSDT,0.0,-4.27,-3.37,0.11,15
113,APTUSDT,COMPUSDT,0.01,-4.01,-3.37,0.23,15
630,TUSDT,CTCUSDT,0.01,-3.95,-3.37,0.08,15
1,10000LADYSUSDT,1000BONKUSDT,0.03,-3.57,-3.37,1.08,15
110,API3USDT,MAGICUSDT,0.01,-3.77,-3.37,1.31,15
162,BANDUSDT,GLMRUSDT,0.01,-3.99,-3.37,5.2,15
453,ONEUSDT,BSVUSDT,0.02,-3.68,-3.37,0.0,15
528,TRXUSDT,1INCHUSDT,0.03,-3.57,-3.37,0.19,15
231,BUSDUSDT,SSVUSDT,0.04,-3.46,-3.37,0.04,14
683,XNOUSDT,ANKRUSDT,0.02,-3.66,-3.37,28.09,14
300,COTIUSDT,INJUSDT,0.04,-3.38,-3.37,0.01,14
435,LQTYUSDT,INJUSDT,0.03,-3.54,-3.37,0.19,14
604,TRXUSDT,IOTXUSDT,0.03,-3.54,-3.37,3.42,14
312,COTIUSDT,SANDUSDT,0.03,-3.48,-3.37,0.13,14
702,XNOUSDT,CELOUSDT,0.03,-3.5,-3.37,1.38,14
603,TRXUSDT,IOSTUSDT,0.03,-3.54,-3.37,8.24,14
596,TRXUSDT,GTCUSDT,0.03,-3.57,-3.37,0.05,14
230,BUSDUSDT,SCUSDT,0.03,-3.52,-3.37,308.83,14
314,COTIUSDT,WOOUSDT,0.05,-3.37,-3.37,0.31,14
571,TRXUSDT,DENTUSDT,0.02,-3.61,-3.37,90.46,14
416,LQTYUSDT,BSVUSDT,0.01,-3.77,-3.37,0.04,14
513,THETAUSDT,C98USDT,0.02,-3.67,-3.37,4.39,14
247,CEEKUSDT,GMTUSDT,0.01,-4.07,-3.37,0.26,14
376,EGLDUSDT,AVAXUSDT,0.02,-3.64,-3.37,2.51,14
169,BANDUSDT,KDAUSDT,0.02,-3.66,-3.37,1.89,14
191,BUSDUSDT,10000NFTUSDT,0.03,-3.55,-3.37,272.54,14
390,GALUSDT,C98USDT,0.04,-3.46,-3.37,7.11,14
165,BANDUSDT,INJUSDT,0.04,-3.4,-3.37,0.22,14
540,TRXUSDT,APTUSDT,0.03,-3.51,-3.37,0.01,14
623,TRXUSDT,NEARUSDT,0.03,-3.51,-3.37,0.05,14
487,SNXUSDT,KNCUSDT,0.04,-3.45,-3.37,3.94,14
587,TRXUSDT,FILUSDT,0.03,-3.57,-3.37,0.02,14
274,COTIUSDT,1000FLOKIUSDT,0.03,-3.48,-3.37,2.13,14
206,BUSDUSDT,CTKUSDT,0.01,-4.02,-3.37,1.34,14
725,XNOUSDT,GALUSDT,0.04,-3.47,-3.37,0.52,14
351,DGBUSDT,DASHUSDT,0.02,-3.62,-3.37,0.0,14
617,TRXUSDT,LRCUSDT,0.04,-3.39,-3.37,0.27,14
500,SWEATUSDT,SSVUSDT,0.02,-3.65,-3.37,0.0,14
736,ZILUSDT,CVXUSDT,0.02,-3.65,-3.37,0.01,14
330,DARUSDT,1000XECUSDT,0.04,-3.47,-3.37,5.43,14
565,TRXUSDT,COMPUSDT,0.02,-3.7,-3.37,0.0,14
153,BANDUSDT,DASHUSDT,0.01,-3.77,-3.37,0.03,13
176,BANDUSDT,MKRUSDT,0.03,-3.49,-3.37,0.0,13
159,BANDUSDT,ETHUSDT,0.03,-3.52,-3.37,0.0,13
710,XNOUSDT,CVXUSDT,0.04,-3.41,-3.37,0.16,13
521,TOMOUSDT,NEOUSDT,0.03,-3.52,-3.37,0.12,13
226,BUSDUSDT,REQUSDT,0.03,-3.49,-3.37,11.71,13
569,TRXUSDT,DARUSDT,0.02,-3.64,-3.37,0.56,13
173,BANDUSDT,LTCUSDT,0.01,-3.81,-3.37,0.02,13
354,DGBUSDT,ETCUSDT,0.03,-3.59,-3.37,0.0,13
703,XNOUSDT,CHRUSDT,0.04,-3.45,-3.37,5.05,13
704,XNOUSDT,CKBUSDT,0.03,-3.57,-3.37,211.4,13
104,API3USDT,1000FLOKIUSDT,0.04,-3.38,-3.37,37.99,13
63,1000PEPEUSDT,CTCUSDT,0.01,-3.81,-3.37,0.0,13
65,1000PEPEUSDT,GMTUSDT,0.04,-3.41,-3.37,0.01,13
367,DGBUSDT,SHIB1000USDT,0.02,-3.65,-3.37,0.9,13
699,XNOUSDT,BTCUSDT,0.01,-4.01,-3.37,0.0,13
547,TRXUSDT,AXSUSDT,0.03,-3.51,-3.37,0.01,12
677,XNOUSDT,1000FLOKIUSDT,0.03,-3.56,-3.37,22.44,12
570,TRXUSDT,DASHUSDT,0.04,-3.41,-3.37,0.0,12
589,TRXUSDT,FLOWUSDT,0.02,-3.68,-3.37,0.1,12
396,HOOKUSDT,BTCUSDT,0.01,-3.94,-3.37,0.0,12
568,TRXUSDT,CVXUSDT,0.02,-3.62,-3.37,0.02,12
611,TRXUSDT,KSMUSDT,0.03,-3.52,-3.37,0.0,12
701,XNOUSDT,C98USDT,0.04,-3.42,-3.37,3.67,12
694,XNOUSDT,BICOUSDT,0.03,-3.51,-3.37,2.44,12
417,LQTYUSDT,C98USDT,0.01,-4.03,-3.37,6.52,12
491,SPELLUSDT,C98USDT,0.01,-4.06,-3.37,0.0,12
602,TRXUSDT,IMXUSDT,0.01,-3.92,-3.37,0.1,12
401,ICXUSDT,10000NFTUSDT,0.03,-3.51,-3.37,67.12,12
123,ASTRUSDT,SUNUSDT,0.02,-3.65,-3.37,8.62,12
711,XNOUSDT,DASHUSDT,0.03,-3.49,-3.37,0.02,12
532,TRXUSDT,AGIXUSDT,0.03,-3.47,-3.37,0.27,12
224,BUSDUSDT,ONEUSDT,0.04,-3.47,-3.37,63.78,12
115,APTUSDT,GTCUSDT,0.04,-3.42,-3.37,5.79,12
662,UNIUSDT,OMGUSDT,0.03,-3.52,-3.37,6.5,12
320,COTIUSDT,ZECUSDT,0.01,-3.92,-3.37,0.0,12
371,DGBUSDT,WOOUSDT,0.01,-3.9,-3.37,0.04,12
458,OPUSDT,BSVUSDT,0.04,-3.4,-3.37,0.05,12
578,TRXUSDT,EDUUSDT,0.04,-3.44,-3.37,0.06,12
313,COTIUSDT,SOLUSDT,0.02,-3.65,-3.37,0.0,12
92,1INCHUSDT,GLMRUSDT,0.01,-3.89,-3.37,1.43,12
537,TRXUSDT,ANKRUSDT,0.03,-3.5,-3.37,3.02,12
138,BAKEUSDT,XMRUSDT,0.03,-3.49,-3.37,0.0,12
505,THETAUSDT,APTUSDT,0.02,-3.63,-3.37,0.1,11
196,BUSDUSDT,ALPHAUSDT,0.02,-3.6,-3.37,9.24,11
657,UNIUSDT,GLMRUSDT,0.03,-3.5,-3.37,18.19,11
145,BANDUSDT,BALUSDT,0.01,-3.79,-3.37,0.27,11
678,XNOUSDT,AAVEUSDT,0.02,-3.63,-3.37,0.01,11
180,BELUSDT,IOTAUSDT,0.04,-3.39,-3.37,3.85,11
144,BANDUSDT,AVAXUSDT,0.03,-3.55,-3.37,0.1,11
632,TUSDT,GMXUSDT,0.0,-4.62,-3.37,0.0,11
727,XNOUSDT,GLMRUSDT,0.02,-3.76,-3.37,2.57,11
688,XNOUSDT,ARUSDT,0.03,-3.56,-3.37,0.11,11
143,BANDUSDT,ARUSDT,0.04,-3.42,-3.37,0.22,11
160,BANDUSDT,FLMUSDT,0.04,-3.43,-3.37,17.44,11
341,DGBUSDT,ACHUSDT,0.05,-3.38,-3.37,0.28,11
216,BUSDUSDT,IOTAUSDT,0.01,-3.92,-3.37,5.24,11
712,XNOUSDT,DENTUSDT,0.03,-3.5,-3.37,840.16,11
213,BUSDUSDT,HIGHUSDT,0.0,-4.16,-3.37,0.51,11
431,LQTYUSDT,GMXUSDT,0.02,-3.68,-3.37,0.02,11
303,COTIUSDT,MAGICUSDT,0.04,-3.47,-3.37,0.07,11
559,TRXUSDT,CEEKUSDT,0.01,-4.1,-3.37,1.08,11
693,XNOUSDT,BCHUSDT,0.03,-3.53,-3.37,0.01,11
301,COTIUSDT,JOEUSDT,0.01,-3.9,-3.37,0.19,11
719,XNOUSDT,EOSUSDT,0.03,-3.49,-3.37,0.83,11
67,1000PEPEUSDT,JASMYUSDT,0.03,-3.58,-3.37,0.32,11
713,XNOUSDT,DOGEUSDT,0.03,-3.48,-3.37,9.92,11
439,LQTYUSDT,JOEUSDT,0.04,-3.43,-3.37,3.51,11
607,TRXUSDT,KAVAUSDT,0.03,-3.58,-3.37,0.07,11
722,XNOUSDT,FILUSDT,0.05,-3.37,-3.37,0.16,11
419,LQTYUSDT,CELRUSDT,0.0,-4.19,-3.37,61.27,11
450,ONEUSDT,10000NFTUSDT,0.04,-3.41,-3.37,4.27,11
561,TRXUSDT,CELRUSDT,0.02,-3.63,-3.37,3.71,11
223,BUSDUSDT,OMGUSDT,0.04,-3.46,-3.37,1.29,10
534,TRXUSDT,AKROUSDT,0.04,-3.46,-3.37,21.02,10
577,TRXUSDT,DYDXUSDT,0.03,-3.54,-3.37,0.04,10
584,TRXUSDT,ETHUSDT,0.04,-3.46,-3.37,0.0,10
556,TRXUSDT,BNBUSDT,0.02,-3.74,-3.37,0.0,10
622,TRXUSDT,MTLUSDT,0.04,-3.44,-3.37,0.07,10
599,TRXUSDT,HOOKUSDT,0.04,-3.44,-3.37,0.05,10
541,TRXUSDT,ARBUSDT,0.04,-3.46,-3.37,0.07,10
548,TRXUSDT,BAKEUSDT,0.03,-3.5,-3.37,0.52,10
574,TRXUSDT,DOGEUSDT,0.03,-3.5,-3.37,1.07,10
610,TRXUSDT,KNCUSDT,0.02,-3.67,-3.37,0.13,10
613,TRXUSDT,LINKUSDT,0.02,-3.64,-3.37,0.01,10
695,XNOUSDT,BITUSDT,0.04,-3.4,-3.37,1.38,10
566,TRXUSDT,COTIUSDT,0.03,-3.54,-3.37,1.14,10
95,1INCHUSDT,LTCUSDT,0.05,-3.37,-3.37,0.0,10
347,DGBUSDT,C98USDT,0.01,-3.82,-3.37,0.04,10
265,CELRUSDT,ETHWUSDT,0.01,-3.82,-3.37,0.01,10
721,XNOUSDT,FETUSDT,0.01,-3.79,-3.37,2.9,10
459,OPUSDT,C98USDT,0.04,-3.44,-3.37,8.36,10
449,MATICUSDT,AGLDUSDT,0.02,-3.72,-3.37,2.26,10
78,1000XECUSDT,HOTUSDT,0.0,-4.27,-3.37,15.58,10
359,DGBUSDT,LTCUSDT,0.03,-3.5,-3.37,0.0,10
298,COTIUSDT,HOOKUSDT,0.0,-4.42,-3.37,0.05,10
666,UNIUSDT,WOOUSDT,0.0,-4.19,-3.37,23.24,10
645,UNFIUSDT,IOTAUSDT,0.03,-3.48,-3.37,23.04,9
428,LQTYUSDT,FLRUSDT,0.04,-3.42,-3.37,47.66,9
98,1INCHUSDT,SHIB1000USDT,0.01,-3.82,-3.37,45.75,9
690,XNOUSDT,AVAXUSDT,0.04,-3.45,-3.37,0.05,9
646,UNFIUSDT,MATICUSDT,0.01,-3.87,-3.37,4.91,9
707,XNOUSDT,CREAMUSDT,0.04,-3.42,-3.37,0.03,9
186,BOBAUSDT,CTKUSDT,0.03,-3.55,-3.37,0.23,9
552,TRXUSDT,BELUSDT,0.04,-3.39,-3.37,0.1,9
214,BUSDUSDT,ICPUSDT,0.04,-3.4,-3.37,0.2,9
640,UNFIUSDT,BLURUSDT,0.03,-3.57,-3.37,8.82,9
344,DGBUSDT,BATUSDT,0.04,-3.44,-3.37,0.04,9
279,COTIUSDT,ARBUSDT,0.02,-3.62,-3.37,0.06,9
275,COTIUSDT,AAVEUSDT,0.02,-3.75,-3.37,0.0,9
723,XNOUSDT,FLMUSDT,0.02,-3.76,-3.37,8.62,9
543,TRXUSDT,ASTRUSDT,0.03,-3.52,-3.37,1.5,9
730,YGGUSDT,AGIXUSDT,0.0,-4.92,-3.37,0.65,9
522,TRBUSDT,BITUSDT,0.02,-3.6,-3.37,23.77,9
201,BUSDUSDT,BSWUSDT,0.04,-3.43,-3.37,8.13,9
660,UNIUSDT,LTCUSDT,0.0,-4.57,-3.37,0.06,9
349,DGBUSDT,CTSIUSDT,0.04,-3.47,-3.37,0.04,8
83,1000XECUSDT,STXUSDT,0.02,-3.74,-3.37,0.04,8
708,XNOUSDT,CTSIUSDT,0.04,-3.47,-3.37,4.05,8
588,TRXUSDT,FLMUSDT,0.02,-3.69,-3.37,0.93,8
581,TRXUSDT,ENSUSDT,0.04,-3.42,-3.37,0.01,8
193,BUSDUSDT,AGIXUSDT,0.04,-3.47,-3.37,3.51,8
189,BOBAUSDT,XCNUSDT,0.03,-3.53,-3.37,93.4,8
550,TRXUSDT,BATUSDT,0.01,-3.77,-3.37,0.35,8
558,TRXUSDT,BTCUSDT,0.03,-3.56,-3.37,0.0,8
527,TRXUSDT,1000FLOKIUSDT,0.04,-3.39,-3.37,2.42,8
293,COTIUSDT,FETUSDT,0.04,-3.42,-3.37,0.28,8
526,TRXUSDT,1000BTTUSDT,0.02,-3.6,-3.37,129.08,8
557,TRXUSDT,BNXUSDT,0.04,-3.41,-3.37,0.15,8
497,SUSHIUSDT,10000NFTUSDT,0.0,-4.15,-3.37,236.84,8
633,TUSDT,HOTUSDT,0.01,-3.84,-3.37,16.15,7
198,BUSDUSDT,ASTRUSDT,0.02,-3.71,-3.37,19.56,7
6,10000LADYSUSDT,AGIXUSDT,0.03,-3.55,-3.37,0.0,7
728,XRPUSDT,AGIXUSDT,0.04,-3.4,-3.37,1.63,7
105,API3USDT,ARBUSDT,0.01,-3.82,-3.37,1.05,7
430,LQTYUSDT,GMTUSDT,0.03,-3.55,-3.37,4.61,7
170,BANDUSDT,KNCUSDT,0.04,-3.41,-3.37,2.36,7
203,BUSDUSDT,CHZUSDT,0.02,-3.65,-3.37,9.78,7
56,10000LADYSUSDT,SHIB1000USDT,0.03,-3.48,-3.37,0.05,7
204,BUSDUSDT,CROUSDT,0.04,-3.4,-3.37,16.43,7
679,XNOUSDT,ADAUSDT,0.01,-3.78,-3.37,1.95,7
504,THETAUSDT,ADAUSDT,0.03,-3.51,-3.37,2.33,7
101,ALPHAUSDT,COREUSDT,0.01,-3.99,-3.37,0.13,7
624,TRXUSDT,NEOUSDT,0.04,-3.39,-3.37,0.01,7
731,YGGUSDT,AGLDUSDT,0.02,-3.62,-3.37,0.47,7
192,BUSDUSDT,1000PEPEUSDT,0.05,-3.37,-3.37,661.67,7
650,UNFIUSDT,STGUSDT,0.04,-3.43,-3.37,6.93,7
718,XNOUSDT,ENSUSDT,0.04,-3.4,-3.37,0.07,7
41,10000LADYSUSDT,KAVAUSDT,0.03,-3.49,-3.37,0.0,7
655,UNIUSDT,ETHUSDT,0.04,-3.41,-3.37,0.0,7
233,BUSDUSDT,STMXUSDT,0.03,-3.49,-3.37,228.26,7
40,10000LADYSUSDT,JSTUSDT,0.02,-3.63,-3.37,0.02,7
39,10000LADYSUSDT,JOEUSDT,0.03,-3.52,-3.37,0.0,7
670,VETUSDT,LINAUSDT,0.03,-3.51,-3.37,1.67,7
136,BAKEUSDT,MAGICUSDT,0.03,-3.48,-3.37,0.16,7
57,10000LADYSUSDT,SSVUSDT,0.0,-4.12,-3.37,0.0,7
609,TRXUSDT,KLAYUSDT,0.04,-3.45,-3.37,0.42,6
75,1000XECUSDT,BSVUSDT,0.04,-3.41,-3.37,0.0,6
207,BUSDUSDT,CTSIUSDT,0.02,-3.72,-3.37,5.67,6
749,ZILUSDT,OMGUSDT,0.02,-3.63,-3.37,0.03,6
621,TRXUSDT,MKRUSDT,0.03,-3.52,-3.37,0.0,6
544,TRXUSDT,ATOMUSDT,0.04,-3.46,-3.37,0.01,6
542,TRXUSDT,ARUSDT,0.03,-3.49,-3.37,0.01,6
697,XNOUSDT,BSVUSDT,0.04,-3.43,-3.37,0.02,6
361,DGBUSDT,MASKUSDT,0.03,-3.59,-3.37,0.0,6
751,ZRXUSDT,INJUSDT,0.03,-3.56,-3.37,0.03,6
614,TRXUSDT,LITUSDT,0.04,-3.45,-3.37,0.09,6
529,TRXUSDT,AAVEUSDT,0.03,-3.54,-3.37,0.0,6
673,XMRUSDT,1000BONKUSDT,0.04,-3.45,-3.37,355177.32,6
60,1000LUNCUSDT,SCRTUSDT,0.04,-3.39,-3.37,0.19,6
685,XNOUSDT,APTUSDT,0.03,-3.56,-3.37,0.09,6
323,CROUSDT,BSVUSDT,0.02,-3.75,-3.37,0.0,6
554,TRXUSDT,BLURUSDT,0.04,-3.4,-3.37,0.15,6
304,COTIUSDT,MASKUSDT,0.03,-3.52,-3.37,0.02,6
119,ASTRUSDT,APEUSDT,0.03,-3.52,-3.37,0.02,6
30,10000LADYSUSDT,FETUSDT,0.04,-3.38,-3.37,0.0,5
62,1000PEPEUSDT,CRVUSDT,0.05,-3.37,-3.37,0.0,5
705,XNOUSDT,COMPUSDT,0.04,-3.46,-3.37,0.02,5
71,1000PEPEUSDT,REQUSDT,0.04,-3.4,-3.37,0.02,5
641,UNFIUSDT,CHRUSDT,0.04,-3.38,-3.37,31.1,5
197,BUSDUSDT,APEUSDT,0.02,-3.61,-3.37,0.3,5
324,CTCUSDT,10000LADYSUSDT,0.04,-3.41,-3.37,649.41,5
199,BUSDUSDT,BLURUSDT,0.02,-3.71,-3.37,2.01,5
17,10000LADYSUSDT,BALUSDT,0.03,-3.48,-3.37,0.0,5
35,10000LADYSUSDT,HNTUSDT,0.03,-3.59,-3.37,0.0,5
648,UNFIUSDT,PHBUSDT,0.0,-4.73,-3.37,5.52,5
496,SUNUSDT,ALGOUSDT,0.03,-3.53,-3.37,0.04,5
680,XNOUSDT,AGIXUSDT,0.03,-3.59,-3.37,2.5,5
190,BUSDUSDT,10000LADYSUSDT,0.01,-3.86,-3.37,2080.74,5
686,XNOUSDT,ARBUSDT,0.02,-3.69,-3.37,0.62,5
211,BUSDUSDT,GMXUSDT,0.03,-3.56,-3.37,0.02,5
11,10000LADYSUSDT,APEUSDT,0.03,-3.57,-3.37,0.0,5
594,TRXUSDT,GMTUSDT,0.01,-3.98,-3.37,0.28,5
220,BUSDUSDT,MATICUSDT,0.01,-3.92,-3.37,1.12,5
68,1000PEPEUSDT,JSTUSDT,0.0,-4.57,-3.37,0.06,5
72,1000PEPEUSDT,RLCUSDT,0.01,-3.94,-3.37,0.0,5
502,THETAUSDT,AAVEUSDT,0.04,-3.38,-3.37,0.01,5
236,BUSDUSDT,SXPUSDT,0.03,-3.48,-3.37,2.46,5
432,LQTYUSDT,HIGHUSDT,0.04,-3.39,-3.37,0.65,5
408,LQTYUSDT,APEUSDT,0.04,-3.44,-3.37,0.38,5
539,TRXUSDT,APEUSDT,0.04,-3.45,-3.37,0.02,5
229,BUSDUSDT,SCRTUSDT,0.03,-3.52,-3.37,2.18,4
560,TRXUSDT,CELOUSDT,0.04,-3.4,-3.37,0.15,4
665,UNIUSDT,SUIUSDT,0.0,-4.27,-3.37,4.92,4
490,SPELLUSDT,BSVUSDT,0.02,-3.62,-3.37,0.0,4
175,BANDUSDT,MASKUSDT,0.02,-3.62,-3.37,0.34,4
586,TRXUSDT,FETUSDT,0.05,-3.37,-3.37,0.31,4
200,BUSDUSDT,BSVUSDT,0.03,-3.49,-3.37,0.03,4
444,LQTYUSDT,MASKUSDT,0.04,-3.43,-3.37,0.3,4
215,BUSDUSDT,ICXUSDT,0.03,-3.49,-3.37,4.06,4
620,TRXUSDT,MATICUSDT,0.04,-3.41,-3.37,0.09,4
235,BUSDUSDT,SUSHIUSDT,0.02,-3.67,-3.37,1.15,4
681,XNOUSDT,AGLDUSDT,0.04,-3.41,-3.37,1.81,3
0,10000LADYSUSDT,10000NFTUSDT,0.01,-4.05,-3.37,0.13,3
70,1000PEPEUSDT,NKNUSDT,0.04,-3.41,-3.37,0.01,3
53,10000LADYSUSDT,RSS3USDT,0.02,-3.65,-3.37,0.0,3
38,10000LADYSUSDT,IMXUSDT,0.03,-3.58,-3.37,0.0,3
42,10000LADYSUSDT,KNCUSDT,0.03,-3.53,-3.37,0.0,3
46,10000LADYSUSDT,MKRUSDT,0.04,-3.42,-3.37,0.0,3
49,10000LADYSUSDT,PHBUSDT,0.03,-3.47,-3.37,0.0,3
406,LQTYUSDT,ALGOUSDT,0.03,-3.49,-3.37,8.15,3
50,10000LADYSUSDT,QTUMUSDT,0.05,-3.38,-3.37,0.0,3
66,1000PEPEUSDT,GPTUSDT,0.03,-3.47,-3.37,0.07,3
25,10000LADYSUSDT,DODOUSDT,0.03,-3.52,-3.37,0.0,3
331,DARUSDT,ALGOUSDT,0.03,-3.49,-3.37,0.88,3
109,API3USDT,LINAUSDT,0.03,-3.52,-3.37,103.43,3
266,CELRUSDT,GPTUSDT,0.04,-3.45,-3.37,1.02,3
202,BUSDUSDT,CHRUSDT,0.02,-3.65,-3.37,7.08,3
210,BUSDUSDT,FTMUSDT,0.03,-3.57,-3.37,2.89,3
232,BUSDUSDT,STGUSDT,0.04,-3.45,-3.37,1.58,3
219,BUSDUSDT,LUNA2USDT,0.04,-3.47,-3.37,1.14,3
29,10000LADYSUSDT,ETHUSDT,0.04,-3.43,-3.37,0.0,3
222,BUSDUSDT,OCEANUSDT,0.02,-3.72,-3.37,2.97,3
606,TRXUSDT,JSTUSDT,0.03,-3.49,-3.37,3.26,3
18,10000LADYSUSDT,BATUSDT,0.03,-3.49,-3.37,0.0,3
15,10000LADYSUSDT,AVAXUSDT,0.04,-3.4,-3.37,0.0,3
523,TRUUSDT,JSTUSDT,0.03,-3.58,-3.37,1.87,3
13,10000LADYSUSDT,ARUSDT,0.03,-3.51,-3.37,0.0,3
10,10000LADYSUSDT,ANTUSDT,0.04,-3.43,-3.37,0.0,3
9,10000LADYSUSDT,ALICEUSDT,0.03,-3.55,-3.37,0.0,3
7,10000LADYSUSDT,AGLDUSDT,0.04,-3.44,-3.37,0.0,3
20,10000LADYSUSDT,BTCUSDT,0.04,-3.42,-3.37,0.0,3
2,10000LADYSUSDT,1000BTTUSDT,0.04,-3.4,-3.37,0.77,3
5,10000LADYSUSDT,ADAUSDT,0.03,-3.49,-3.37,0.0,3
3,10000LADYSUSDT,1000FLOKIUSDT,0.03,-3.58,-3.37,0.01,3
591,TRXUSDT,FTMUSDT,0.05,-3.37,-3.37,0.22,3
612,TRXUSDT,LINAUSDT,0.04,-3.43,-3.37,6.57,3
733,ZILUSDT,ARPAUSDT,0.04,-3.38,-3.37,0.26,2
142,BANDUSDT,ARPAUSDT,0.0,-4.11,-3.37,16.18,2
74,1000XECUSDT,ARPAUSDT,0.0,-4.26,-3.37,0.28,2
627,TUSDT,ARPAUSDT,0.03,-3.52,-3.37,0.29,2
651,UNIUSDT,ARPAUSDT,0.01,-3.89,-3.37,56.59,2
377,ENJUSDT,ARPAUSDT,0.02,-3.71,-3.37,3.75,2
342,DGBUSDT,ARPAUSDT,0.03,-3.47,-3.37,0.09,2
463,RENUSDT,ARPAUSDT,0.04,-3.4,-3.37,0.84,2
489,SPELLUSDT,ARPAUSDT,0.02,-3.68,-3.37,0.01,2
234,BUSDUSDT,SUIUSDT,0.03,-3.55,-3.37,0.97,2
457,OPUSDT,ARPAUSDT,0.04,-3.41,-3.37,18.23,2
492,STMXUSDT,ARPAUSDT,0.03,-3.53,-3.37,0.05,2
452,ONEUSDT,ARPAUSDT,0.01,-4.11,-3.37,0.18,2
493,SUIUSDT,ARPAUSDT,0.0,-4.14,-3.37,11.41,2
409,LQTYUSDT,ARPAUSDT,0.01,-3.79,-3.37,14.22,2
398,ICPUSDT,ARPAUSDT,0.0,-4.23,-3.37,55.38,2
525,TRXUSDT,1000BONKUSDT,0.04,-3.47,-3.37,179.98,2
533,TRXUSDT,AGLDUSDT,0.04,-3.45,-3.37,0.19,2
506,THETAUSDT,ARPAUSDT,0.04,-3.44,-3.37,9.57,2
338,DASHUSDT,ARPAUSDT,0.03,-3.51,-3.37,475.69,2
322,CROUSDT,ARPAUSDT,0.03,-3.56,-3.37,0.68,2
625,TRXUSDT,OCEANUSDT,0.04,-3.45,-3.37,0.23,2
237,C98USDT,ARPAUSDT,0.01,-3.89,-3.37,2.17,2
687,XNOUSDT,ARPAUSDT,0.04,-3.45,-3.37,8.01,2
563,TRXUSDT,CHRUSDT,0.04,-3.42,-3.37,0.54,2
582,TRXUSDT,EOSUSDT,0.04,-3.4,-3.37,0.09,2
461,PEOPLEUSDT,ARPAUSDT,0.04,-3.45,-3.37,0.2,2
16,10000LADYSUSDT,AXSUSDT,0.04,-3.38,-3.37,0.0,1
8,10000LADYSUSDT,AKROUSDT,0.04,-3.46,-3.37,0.13,1
27,10000LADYSUSDT,ENSUSDT,0.03,-3.51,-3.37,0.0,1
19,10000LADYSUSDT,BLZUSDT,0.03,-3.54,-3.37,0.01,1
12,10000LADYSUSDT,ARBUSDT,0.03,-3.55,-3.37,0.0,1
21,10000LADYSUSDT,CKBUSDT,0.02,-3.75,-3.37,0.14,1
22,10000LADYSUSDT,COREUSDT,0.04,-3.39,-3.37,0.0,1
4,10000LADYSUSDT,AAVEUSDT,0.03,-3.5,-3.37,0.0,1
23,10000LADYSUSDT,CTKUSDT,0.03,-3.59,-3.37,0.0,1
24,10000LADYSUSDT,DENTUSDT,0.03,-3.54,-3.37,0.54,1
14,10000LADYSUSDT,ATOMUSDT,0.03,-3.53,-3.37,0.0,1
590,TRXUSDT,FLRUSDT,0.04,-3.39,-3.37,2.89,1
535,TRXUSDT,ALGOUSDT,0.04,-3.4,-3.37,0.49,1
26,10000LADYSUSDT,EDUUSDT,0.04,-3.44,-3.37,0.0,1
212,BUSDUSDT,GPTUSDT,0.03,-3.55,-3.37,49.14,1
28,10000LADYSUSDT,EOSUSDT,0.03,-3.5,-3.37,0.0,1
52,10000LADYSUSDT,RSRUSDT,0.04,-3.43,-3.37,0.16,1
209,BUSDUSDT,FLRUSDT,0.01,-3.93,-3.37,37.57,1
208,BUSDUSDT,FITFIUSDT,0.02,-3.74,-3.37,178.69,1
195,BUSDUSDT,ALGOUSDT,0.02,-3.67,-3.37,6.42,1
194,BUSDUSDT,AGLDUSDT,0.03,-3.52,-3.37,2.53,1
135,BAKEUSDT,LINAUSDT,0.04,-3.45,-3.37,12.62,1
100,ALGOUSDT,JSTUSDT,0.02,-3.72,-3.37,6.6,1
333,DARUSDT,APEUSDT,0.03,-3.55,-3.37,0.04,1
55,10000LADYSUSDT,SANDUSDT,0.04,-3.42,-3.37,0.0,1
54,10000LADYSUSDT,RUNEUSDT,0.05,-3.37,-3.37,0.0,1
395,GTCUSDT,1000BONKUSDT,0.01,-3.9,-3.37,3320.35,1
51,10000LADYSUSDT,RDNTUSDT,0.03,-3.51,-3.37,0.0,1
31,10000LADYSUSDT,FILUSDT,0.03,-3.57,-3.37,0.0,1
48,10000LADYSUSDT,OCEANUSDT,0.03,-3.5,-3.37,0.0,1
47,10000LADYSUSDT,MTLUSDT,0.03,-3.54,-3.37,0.0,1
45,10000LADYSUSDT,MAGICUSDT,0.03,-3.53,-3.37,0.0,1
44,10000LADYSUSDT,LPTUSDT,0.02,-3.76,-3.37,0.0,1
43,10000LADYSUSDT,KSMUSDT,0.04,-3.41,-3.37,0.0,1
675,XNOUSDT,1000BONKUSDT,0.02,-3.77,-3.37,1672.48,1
37,10000LADYSUSDT,ILVUSDT,0.04,-3.44,-3.37,0.0,1
36,10000LADYSUSDT,IDUSDT,0.04,-3.46,-3.37,0.0,1
33,10000LADYSUSDT,GMTUSDT,0.05,-3.37,-3.37,0.0,1
32,10000LADYSUSDT,GALAUSDT,0.03,-3.5,-3.37,0.02,1
34,10000LADYSUSDT,HFTUSDT,0.01,-3.83,-3.37,0.0,1
